date,aqi_mean,pm2_5_mean,pm10_mean,ozone_mean,carbon_monoxide_mean,nitrogen_dioxide_mean,sulphur_dioxide_mean,temperature_2m_mean,relative_humidity_2m_mean,pressure_msl_mean,wind_speed_10m_mean,precipitation_mean
2024-01-01,159.96686276482518,73.10000000000001,105.16250000000001,93.70833333333333,1244.0416666666667,14.275,19.6375,14.641666666666666,80.58333333333333,1018.9208333333332,6.5874999999999995,0.0
2024-01-02,160.3119485290873,73.82916666666667,107.13333333333333,93.20833333333333,1158.8333333333333,15.4125,20.579166666666666,13.908333333333333,80.875,1017.8125,6.5125,0.0
2024-01-03,136.69799554680682,56.225,84.96666666666667,75.20833333333333,742.5,12.833333333333334,10.1875,13.716666666666667,75.91666666666667,1017.6208333333334,7.479166666666667,0.0
2024-01-04,160.05518967334035,73.03750000000001,112.78750000000001,91.29166666666667,913.8333333333334,11.758333333333333,13.629166666666668,13.025,77.91666666666667,1018.8375,7.3374999999999995,0.0
2024-01-05,161.97725323138346,77.02499999999999,116.71249999999999,84.375,1063.5,12.758333333333333,15.433333333333332,12.720833333333333,82.125,1018.75,6.825,0.05833333333333334
2024-01-06,165.1453723217422,82.89583333333333,122.9375,92.58333333333333,1166.625,11.5375,19.0,13.658333333333333,78.875,1020.0291666666667,7.691666666666666,0.0
2024-01-07,163.07143484369513,78.87916666666666,114.97083333333335,104.20833333333333,1256.5416666666667,10.279166666666667,21.545833333333334,13.195833333333333,80.08333333333333,1020.4166666666666,7.058333333333334,0.0
2024-01-08,159.891684229013,72.72083333333333,106.8125,98.33333333333333,1207.4583333333333,8.954166666666667,15.295833333333334,12.637500000000001,76.33333333333333,1020.0375,7.483333333333333,0.0
2024-01-09,162.97636077295505,79.02083333333333,117.7,93.04166666666667,1231.5,12.183333333333332,16.545833333333334,12.608333333333334,80.08333333333333,1021.875,8.558333333333334,0.0
2024-01-10,160.16054588008535,86.45,133.32500000000002,62.083333333333336,1436.2916666666667,27.391666666666666,12.708333333333334,13.762500000000001,70.33333333333333,1020.2583333333333,6.0375000000000005,0.0
2024-01-11,155.10408103048502,83.08749999999999,122.55,59.625,1499.0416666666667,29.40416666666667,10.862499999999999,14.549999999999999,67.0,1018.9125,4.8500000000000005,0.0
2024-01-12,142.49409289930102,67.04166666666667,98.11666666666667,59.583333333333336,1266.5416666666667,25.55,10.4,14.666666666666666,66.33333333333333,1017.6458333333334,6.016666666666667,0.0
2024-01-13,149.7328498822815,68.89166666666667,101.125,66.79166666666667,1108.125,20.04583333333333,11.579166666666666,15.058333333333332,68.625,1016.4125,5.204166666666667,0.0
2024-01-14,168.4326923076923,89.2625,130.87083333333334,86.33333333333333,1212.125,15.583333333333334,24.266666666666666,14.450000000000001,74.95833333333333,1018.1750000000001,7.875,0.0
2024-01-15,169.8698191078328,92.04583333333333,133.48333333333332,79.70833333333333,1465.3333333333333,20.325,22.34166666666667,14.7125,75.375,1016.6291666666666,6.241666666666667,0.0
2024-01-16,147.93267278976563,65.9875,99.2375,73.125,1098.2083333333333,14.174999999999999,16.2375,15.208333333333334,74.29166666666667,1013.1583333333333,7.645833333333333,0.0
2024-01-17,165.60576923076923,83.78750000000001,122.7625,103.83333333333333,1102.625,7.7875000000000005,19.775,14.533333333333333,73.625,1014.8000000000001,10.495833333333334,0.0
2024-01-18,168.10998419388832,88.6375,128.525,110.66666666666667,1532.875,13.4625,19.75,14.366666666666667,77.04166666666667,1017.3166666666666,7.195833333333333,0.0
2024-01-19,169.1749209694415,90.7,134.9375,98.83333333333333,1518.3333333333333,16.208333333333332,22.541666666666668,14.779166666666667,71.95833333333333,1017.4499999999999,6.116666666666667,0.0
2024-01-20,167.22576396206532,86.925,132.31666666666666,104.54166666666667,1359.5416666666667,14.799999999999999,18.254166666666666,15.395833333333334,73.41666666666667,1017.9416666666666,5.9750000000000005,0.0
2024-01-21,169.51053740779767,91.35000000000001,140.1875,107.08333333333333,1210.4583333333333,12.987499999999999,16.954166666666666,15.066666666666668,75.33333333333333,1018.6916666666666,6.5375000000000005,0.0
2024-01-22,171.59738321039688,95.39166666666667,152.46666666666667,83.29166666666667,1253.9166666666667,17.791666666666668,14.1625,15.525,74.91666666666667,1017.1999999999999,5.9125000000000005,0.0
2024-01-23,166.06401475237092,84.675,131.275,97.625,1078.875,11.233333333333334,19.566666666666666,13.841666666666667,78.70833333333333,1018.875,9.579166666666667,0.0
2024-01-24,160.98889181594663,74.84583333333333,117.62916666666666,86.125,1065.7916666666667,12.362499999999999,12.854166666666666,13.029166666666667,80.95833333333333,1018.5958333333333,5.291666666666667,0.0
2024-01-25,142.43082465365111,54.51666666666667,83.125,80.83333333333333,743.7916666666666,6.395833333333333,9.341666666666667,13.975,76.08333333333333,1019.2791666666667,9.225,0.0
2024-01-26,164.4827449947313,81.6125,123.92916666666667,99.5,1008.2916666666666,9.049999999999999,19.129166666666666,14.258333333333333,70.83333333333333,1021.4416666666666,9.6,0.0
2024-01-27,163.94031317458385,80.85833333333333,123.29166666666667,86.16666666666667,1210.0833333333333,15.266666666666666,16.3,14.595833333333333,70.0,1020.8833333333333,8.541666666666666,0.0
2024-01-28,160.96799836025932,79.64583333333333,127.90833333333335,77.33333333333333,1395.875,22.15833333333333,14.120833333333332,16.045833333333334,67.58333333333333,1016.85,6.158333333333334,0.0
2024-01-29,144.58255803075795,55.84166666666667,92.43333333333334,82.70833333333333,902.9583333333334,9.975,11.229166666666666,17.775000000000002,66.125,1017.1583333333333,8.75,0.0
2024-01-30,152.11199680347644,65.04583333333333,109.24166666666667,73.75,1111.4166666666667,14.8375,11.8375,18.008333333333333,67.75,1016.1541666666667,5.05,0.012500000000000002
2024-01-31,165.39090936770256,84.2625,150.89583333333334,71.08333333333333,1304.2083333333333,22.554166666666664,12.220833333333333,18.833333333333332,66.375,1013.8791666666666,4.579166666666667,0.0
2024-02-01,132.3254698559239,55.57083333333333,128.40833333333333,63.75,838.75,17.970833333333335,5.9375,18.275000000000002,52.083333333333336,1014.4916666666667,7.8500000000000005,0.0
2024-02-02,123.31916848969708,46.34583333333333,83.55,63.541666666666664,772.3333333333334,13.8125,7.208333333333333,17.287499999999998,53.333333333333336,1017.1083333333332,13.754166666666668,0.020833333333333332
2024-02-03,137.9549505959725,52.8125,108.2625,75.5,658.25,8.791666666666666,8.754166666666666,16.333333333333332,77.66666666666667,1016.3833333333333,6.0125,0.2708333333333333
2024-02-04,149.79918714577454,60.52916666666667,118.1375,77.83333333333333,628.7083333333334,11.308333333333332,10.470833333333333,16.383333333333333,74.625,1016.375,7.1875,0.024999999999999998
2024-02-05,151.9396826069229,68.375,126.75416666666666,66.16666666666667,936.5,20.258333333333333,10.683333333333332,15.862499999999999,69.70833333333333,1017.5916666666667,7.583333333333333,0.0
2024-02-06,115.58734898671811,41.358333333333334,72.47083333333333,64.5,598.7083333333334,11.733333333333334,6.5375000000000005,17.104166666666668,60.875,1018.0916666666667,6.658333333333334,0.0
2024-02-07,112.49151453497689,40.574999999999996,69.59166666666667,83.0,493.625,9.595833333333333,8.554166666666667,17.045833333333334,62.625,1021.25,12.354166666666666,0.0
2024-02-08,134.8651792444118,50.987500000000004,91.7375,71.33333333333333,733.0833333333334,16.845833333333335,9.058333333333334,16.833333333333332,62.041666666666664,1021.7833333333333,6.383333333333333,0.0
2024-02-09,118.8000235777539,43.30416666666667,76.00833333333334,70.20833333333333,665.8333333333334,15.6,8.420833333333333,17.304166666666667,56.25,1017.9041666666667,8.254166666666666,0.0
2024-02-10,118.84063603112743,44.637499999999996,73.05,59.458333333333336,717.0416666666666,18.833333333333332,6.079166666666667,17.979166666666668,51.833333333333336,1020.4541666666668,9.216666666666667,0.0
2024-02-11,138.46692034990548,55.1625,85.09583333333333,75.29166666666667,807.0833333333334,17.045833333333334,10.320833333333333,18.070833333333333,53.416666666666664,1020.9583333333334,7.8,0.0
2024-02-12,139.4435430590802,58.387499999999996,88.22500000000001,70.0,888.7083333333334,20.224999999999998,9.383333333333333,17.775000000000002,53.291666666666664,1019.6916666666666,6.183333333333334,0.0
2024-02-13,142.81278945420476,62.4,94.64583333333333,68.54166666666667,894.4583333333334,20.429166666666667,9.595833333333333,17.804166666666667,54.541666666666664,1019.6208333333334,5.120833333333334,0.0
2024-02-14,154.7344657075331,70.63333333333334,118.75416666666666,72.41666666666667,963.375,23.004166666666666,7.695833333333333,19.141666666666666,55.666666666666664,1020.025,5.866666666666667,0.0
2024-02-15,154.68834601528894,71.53333333333333,120.14999999999999,71.83333333333333,981.0833333333334,22.575,7.483333333333333,19.079166666666666,56.083333333333336,1019.2666666666668,5.266666666666667,0.0
2024-02-16,146.351150409817,65.3125,103.52083333333333,70.66666666666667,932.2083333333334,22.445833333333336,7.341666666666666,19.133333333333333,55.333333333333336,1018.9416666666666,5.3500000000000005,0.0
2024-02-17,128.19607459250088,55.32916666666667,87.53750000000001,68.875,818.7083333333334,19.195833333333333,7.2875000000000005,19.708333333333332,51.708333333333336,1014.3291666666668,6.1125,0.0
2024-02-18,66.6060443490701,19.520833333333332,46.520833333333336,77.70833333333333,301.6666666666667,5.445833333333333,7.583333333333333,20.541666666666668,50.916666666666664,1007.0208333333334,9.450000000000001,0.0
2024-02-19,110.63693457678094,39.34166666666667,102.64999999999999,75.58333333333333,405.9583333333333,9.616666666666667,5.683333333333334,21.525000000000002,59.166666666666664,1006.1708333333332,9.395833333333334,0.0
2024-02-20,110.6882808756764,39.454166666666666,138.13333333333333,70.29166666666667,413.2916666666667,12.970833333333333,2.154166666666667,20.508333333333333,30.416666666666668,1010.5041666666666,7.75,0.0
2024-02-21,81.04278096491039,26.004166666666666,64.16666666666667,70.20833333333333,444.6666666666667,13.875,2.9166666666666665,19.454166666666666,36.541666666666664,1010.8083333333334,8.545833333333333,0.0
2024-02-22,73.33380458863225,22.95,66.77499999999999,73.04166666666667,422.3333333333333,12.637500000000001,1.9749999999999999,19.133333333333333,25.375,1014.3166666666666,14.1,0.0
2024-02-23,111.49229951792124,39.17916666666667,92.64999999999999,65.83333333333333,817.5,23.991666666666664,4.208333333333333,18.720833333333335,32.666666666666664,1015.6791666666667,4.995833333333334,0.0
2024-02-24,107.97397035626538,38.025,111.6875,68.04166666666667,700.375,21.104166666666668,4.8374999999999995,17.7625,36.458333333333336,1015.3416666666667,6.8999999999999995,0.0
2024-02-25,89.92022433339804,30.2625,55.262499999999996,71.375,480.6666666666667,12.058333333333332,5.870833333333334,17.979166666666668,42.0,1016.6791666666667,10.325000000000001,0.0
2024-02-26,114.1996823825785,41.887499999999996,81.39583333333333,82.875,409.6666666666667,6.983333333333333,8.908333333333333,18.45,51.916666666666664,1017.1166666666667,12.737499999999999,0.08749999999999998
2024-02-27,123.6855249504895,44.70416666666667,77.77083333333333,90.625,399.7083333333333,7.533333333333334,10.670833333333334,16.974999999999998,68.04166666666667,1019.6458333333334,12.241666666666667,0.07916666666666668
2024-02-28,116.05172627349812,43.4125,74.20833333333333,84.125,552.9583333333334,14.279166666666667,10.4375,19.0125,61.125,1017.5041666666666,5.570833333333333,0.0
2024-02-29,111.09909692545574,41.3625,78.07916666666667,76.83333333333333,659.6666666666666,16.604166666666668,6.954166666666667,19.641666666666666,64.875,1013.8125,6.300000000000001,0.0
2024-03-01,101.90572228093255,35.82083333333333,72.57083333333334,90.33333333333333,379.8333333333333,6.770833333333333,7.3875,19.416666666666668,70.66666666666667,1011.0833333333334,11.420833333333334,0.012499999999999999
2024-03-02,69.5893861145259,22.016666666666666,52.79583333333333,76.79166666666667,331.25,6.883333333333333,2.404166666666667,15.6625,51.708333333333336,1009.9166666666666,12.183333333333332,0.03333333333333333
2024-03-03,124.22307171255183,45.57916666666667,208.66666666666666,66.91666666666667,418.2916666666667,12.895833333333334,2.0,13.179166666666667,43.208333333333336,1013.6541666666667,7.633333333333333,0.0
2024-03-04,81.5795285440076,26.358333333333334,70.39999999999999,65.58333333333333,402.9583333333333,12.795833333333334,2.1708333333333334,14.758333333333333,42.083333333333336,1017.4166666666666,8.137500000000001,0.0
2024-03-05,94.5753993501125,32.40416666666667,54.0625,65.70833333333333,516.375,13.516666666666666,5.779166666666666,15.533333333333333,47.875,1019.1374999999999,7.329166666666667,0.0
2024-03-06,105.99478256806206,37.141666666666666,72.53333333333333,69.75,540.625,14.487499999999999,5.75,16.604166666666668,56.708333333333336,1015.9958333333334,6.0375000000000005,0.004166666666666667
2024-03-07,80.52605660635078,25.866666666666664,51.55833333333334,79.25,408.8333333333333,11.362499999999999,4.129166666666666,17.829166666666666,51.208333333333336,1015.2583333333333,9.195833333333333,0.0
2024-03-08,107.14215650375081,37.69583333333333,70.04583333333333,74.79166666666667,640.8333333333334,18.491666666666667,6.079166666666667,18.708333333333332,50.791666666666664,1016.9166666666666,7.054166666666667,0.0
2024-03-09,117.29968448928737,43.32916666666667,87.08749999999999,79.375,706.375,21.195833333333333,6.591666666666666,19.645833333333332,49.666666666666664,1016.8583333333332,5.879166666666666,0.0
2024-03-10,127.82634238546213,48.56666666666666,88.77916666666665,64.625,752.8333333333334,20.2,5.445833333333333,20.120833333333334,53.666666666666664,1015.2791666666667,6.804166666666667,0.0
2024-03-11,105.71769210815721,37.550000000000004,74.7,73.0,486.5,13.270833333333334,6.033333333333334,21.691666666666666,54.541666666666664,1015.3083333333334,6.1499999999999995,0.0
2024-03-12,110.87635224517783,39.475,76.41250000000001,71.0,551.625,14.845833333333333,6.608333333333333,22.775000000000002,53.958333333333336,1015.1958333333333,7.8,0.049999999999999996
2024-03-13,88.48611889921712,29.837500000000002,83.80416666666666,77.0,316.0833333333333,7.666666666666667,2.6791666666666667,21.175,61.041666666666664,1012.375,9.920833333333333,0.029166666666666664
2024-03-14,93.98398645588458,32.09166666666667,75.675,80.08333333333333,309.2916666666667,7.966666666666666,4.558333333333334,21.34166666666667,41.375,1015.2624999999999,11.979166666666666,0.0
2024-03-15,100.78477463222383,35.3375,66.48333333333333,78.875,472.625,12.854166666666666,7.054166666666667,21.729166666666668,54.291666666666664,1015.375,7.254166666666666,0.0
2024-03-16,116.03990682805404,42.104166666666664,73.175,78.41666666666667,688.2916666666666,20.891666666666666,7.254166666666666,23.104166666666668,50.333333333333336,1014.7083333333334,5.633333333333333,0.0
2024-03-17,83.14044561146217,27.162499999999998,46.487500000000004,76.45833333333333,518.875,15.241666666666667,4.945833333333334,23.6125,43.791666666666664,1014.7624999999999,6.8374999999999995,0.0
2024-03-18,94.69200665868482,32.44166666666667,58.70416666666667,72.20833333333333,631.125,19.879166666666666,6.429166666666667,24.4875,45.208333333333336,1013.4375,6.391666666666667,0.0
2024-03-19,109.58837941810124,39.725,82.09166666666667,75.16666666666667,718.7916666666666,21.3,5.295833333333333,25.90833333333333,44.291666666666664,1012.1625,8.470833333333333,0.0
2024-03-20,88.16390074389246,29.325,65.50833333333334,86.70833333333333,466.75,12.549999999999999,6.5874999999999995,25.837500000000002,38.375,1012.8541666666666,7.608333333333333,0.0
2024-03-21,116.65061178568091,41.458333333333336,83.83333333333333,73.20833333333333,717.2083333333334,21.866666666666664,5.6000000000000005,27.616666666666664,42.166666666666664,1008.75,6.216666666666666,0.0
2024-03-22,102.61420221650773,36.108333333333334,67.52083333333333,79.33333333333333,542.2916666666666,15.420833333333334,8.1875,27.233333333333334,43.458333333333336,1007.4791666666666,11.654166666666667,0.0
2024-03-23,122.7005267952044,44.737500000000004,91.92083333333333,76.95833333333333,606.25,14.470833333333333,6.904166666666666,28.316666666666666,44.625,1007.15,9.279166666666667,0.0
2024-03-24,105.09686970200312,36.87916666666667,81.6125,86.20833333333333,519.375,11.091666666666667,6.3125,29.079166666666666,39.625,1008.15,12.466666666666667,0.0
2024-03-25,102.07736195282564,35.74583333333333,77.3125,93.41666666666667,444.5833333333333,8.895833333333334,6.825,28.587500000000002,46.125,1011.5541666666667,8.950000000000001,0.0
2024-03-26,106.21683088011594,37.18333333333333,87.04166666666667,74.5,531.4166666666666,14.283333333333333,5.625,30.391666666666666,43.0,1008.9791666666666,5.858333333333333,0.0
2024-03-27,86.29521624574949,28.4875,71.2375,67.16666666666667,331.2916666666667,9.533333333333333,5.0,30.604166666666668,41.416666666666664,1009.8708333333334,11.1875,0.0
2024-03-28,102.53056142658932,36.204166666666666,80.6375,91.41666666666667,311.9583333333333,5.683333333333334,8.058333333333334,26.754166666666666,53.166666666666664,1011.7916666666666,15.841666666666667,0.0
2024-03-29,82.65897711015738,27.15416666666667,54.199999999999996,79.375,304.7083333333333,7.795833333333333,4.195833333333334,27.204166666666666,50.791666666666664,1009.0583333333334,7.395833333333333,0.0
2024-03-30,98.28303624704353,33.94583333333333,105.82083333333333,82.45833333333333,385.8333333333333,10.820833333333333,4.758333333333334,26.650000000000002,38.166666666666664,1009.6125000000001,8.970833333333333,0.0
2024-03-31,103.55598450047087,36.15,144.23749999999998,96.45833333333333,337.0416666666667,9.920833333333333,5.0874999999999995,26.733333333333334,20.041666666666668,1013.3291666666668,12.120833333333332,0.0
2024-04-01,93.65026221953832,31.579166666666666,85.84583333333335,83.375,481.5416666666667,16.520833333333332,5.7250000000000005,26.666666666666668,31.916666666666668,1010.2041666666668,6.720833333333334,0.0
2024-04-02,111.69199786936814,39.80833333333333,105.42916666666667,82.33333333333333,613.7916666666666,21.2375,5.395833333333333,28.620833333333334,26.791666666666668,1006.2125,7.233333333333333,0.0
2024-04-03,121.85463315429945,44.68333333333334,126.16250000000001,70.75,656.4166666666666,24.308333333333334,3.983333333333333,28.916666666666668,22.166666666666668,1006.3583333333332,10.65,0.0
2024-04-04,84.77912182514864,28.1125,80.46249999999999,94.625,350.7083333333333,10.895833333333334,5.779166666666666,29.474999999999998,20.583333333333332,1008.1416666666668,10.0125,0.0
2024-04-05,100.67015154456116,35.15,87.875,89.66666666666667,437.0833333333333,13.391666666666666,6.5249999999999995,29.141666666666666,31.583333333333332,1008.3833333333333,7.766666666666667,0.004166666666666667
2024-04-06,106.1842112553948,37.262499999999996,101.22916666666667,81.375,535.2916666666666,17.358333333333334,4.945833333333334,30.275000000000002,24.583333333333332,1007.6541666666667,5.754166666666666,0.0
2024-04-07,102.7850528403265,35.68333333333333,97.7375,78.54166666666667,558.8333333333334,19.712500000000002,4.483333333333333,30.90416666666667,20.708333333333332,1006.8541666666666,6.666666666666667,0.0
2024-04-08,99.14653291493232,34.0625,92.24583333333334,78.0,579.375,20.291666666666668,5.870833333333334,31.77916666666667,16.291666666666668,1007.0708333333333,7.620833333333334,0.0
2024-04-09,92.11255939928542,31.329166666666666,78.83333333333333,83.41666666666667,488.4583333333333,15.495833333333335,5.533333333333334,32.05416666666667,15.666666666666666,1006.8916666666668,7.8625,0.0
2024-04-10,104.67625412470078,36.3125,74.05416666666666,86.70833333333333,627.25,20.474999999999998,6.4750000000000005,32.99583333333333,17.458333333333332,1006.6416666666668,6.929166666666667,0.0
2024-04-11,87.04394918081107,28.9375,55.96666666666667,91.70833333333333,424.25,13.158333333333333,5.479166666666667,32.300000000000004,24.458333333333332,1007.5041666666666,11.441666666666668,0.0
2024-04-12,79.451895565093,25.629166666666666,47.55416666666667,99.70833333333333,353.4583333333333,7.708333333333333,4.875,32.44583333333333,24.458333333333332,1006.1541666666667,12.391666666666666,0.0
2024-04-13,99.42383951229682,34.425000000000004,101.77499999999999,92.58333333333333,329.6666666666667,7.966666666666666,4.7250000000000005,30.929166666666664,33.291666666666664,1006.2666666666668,13.85,0.0
2024-04-14,110.30346064752291,39.520833333333336,91.7,93.79166666666667,304.0833333333333,5.645833333333333,5.879166666666666,26.537499999999998,57.291666666666664,1011.3625000000001,9.65,0.008333333333333333
2024-04-15,93.93329577069899,31.8875,72.44583333333334,75.16666666666667,348.375,10.020833333333334,4.566666666666666,27.875,54.041666666666664,1011.2416666666667,7.379166666666666,0.0
2024-04-16,81.11980323649722,26.333333333333332,58.69166666666666,87.70833333333333,375.0833333333333,11.933333333333332,5.508333333333333,29.729166666666668,40.416666666666664,1011.3958333333334,7.770833333333333,0.0
2024-04-17,86.29887995053953,28.816666666666666,72.0,80.875,389.0,14.799999999999999,4.883333333333334,28.650000000000002,36.291666666666664,1009.5,6.9375,0.0
2024-04-18,81.9667381974249,26.825,70.77499999999999,80.0,219.79166666666666,6.5375000000000005,3.6374999999999997,28.666666666666668,47.583333333333336,1005.8625000000001,13.929166666666667,0.012499999999999999
2024-04-19,72.33986051502147,22.287499999999998,56.87916666666667,89.20833333333333,195.0,4.4875,4.141666666666667,29.275000000000002,42.25,1002.9250000000001,11.516666666666666,0.0
2024-04-20,77.7694921316166,24.829166666666666,48.479166666666664,95.04166666666667,299.7916666666667,8.045833333333333,6.0,28.787499999999998,41.458333333333336,1005.6166666666667,10.4375,0.0
2024-04-21,78.67457638694187,25.066666666666666,49.9,94.04166666666667,364.375,12.154166666666667,7.933333333333334,29.441666666666666,35.583333333333336,1006.1416666666668,7.216666666666666,0.0
2024-04-22,75.46475784681634,23.504166666666666,54.6875,82.91666666666667,449.375,17.145833333333332,3.4375,30.650000000000002,28.666666666666668,1005.975,5.7749999999999995,0.0
2024-04-23,61.798983667143546,17.970833333333335,37.30416666666667,89.41666666666667,344.1666666666667,12.416666666666666,4.854166666666667,31.025000000000002,25.75,1005.5708333333333,9.429166666666667,0.0
2024-04-24,63.47281831187411,19.170833333333334,36.0625,85.45833333333333,404.6666666666667,15.379166666666668,4.016666666666667,31.879166666666666,22.0,1004.7875,9.516666666666667,0.0
2024-04-25,76.65450643776823,24.28333333333333,55.37083333333334,91.375,378.25,12.679166666666667,3.204166666666667,33.3375,18.958333333333332,1004.0416666666666,8.116666666666667,0.0
2024-04-26,92.21911866197944,31.295833333333334,89.34583333333335,112.875,244.04166666666666,5.179166666666666,5.125,31.674999999999997,26.958333333333332,1003.8000000000001,13.674999999999999,0.024999999999999998
2024-04-27,88.73153949288645,29.77916666666667,91.67916666666667,84.375,340.4583333333333,13.258333333333333,2.3249999999999997,30.354166666666668,33.791666666666664,1005.775,8.754166666666666,0.0
2024-04-28,87.86152597752714,29.445833333333336,111.34166666666665,77.875,311.375,12.625,1.5416666666666667,31.5125,23.958333333333332,1006.7833333333333,13.041666666666666,0.0
2024-04-29,88.08490945128601,29.09166666666667,120.86666666666667,92.58333333333333,258.25,9.333333333333334,1.1583333333333334,30.129166666666666,15.541666666666666,1007.7624999999999,12.729166666666666,0.0
2024-04-30,93.28617874781634,31.583333333333332,144.39166666666668,96.91666666666667,230.45833333333334,6.558333333333334,1.6333333333333335,28.608333333333334,13.875,1007.2708333333334,11.245833333333332,0.0
2024-05-01,91.0005589463771,30.441666666666666,97.69166666666666,98.41666666666667,300.3333333333333,10.945833333333333,2.1999999999999997,28.47083333333333,15.958333333333334,1005.3625000000001,9.012500000000001,0.0
2024-05-02,86.32124229876133,28.304166666666664,58.90833333333333,87.375,531.8333333333334,20.554166666666667,2.8791666666666664,30.791666666666668,17.083333333333332,1004.6583333333333,9.458333333333334,0.0
2024-05-03,75.1670243204578,23.59166666666667,60.94583333333333,92.91666666666667,255.66666666666666,6.279166666666666,5.158333333333333,33.25,16.583333333333332,1003.0875,7.6375,0.004166666666666667
2024-05-04,119.23513004995674,43.199999999999996,142.0,88.16666666666667,341.1666666666667,11.4,6.470833333333334,33.050000000000004,29.0,1004.9083333333333,11.258333333333333,0.0
2024-05-05,127.32756058740559,48.40833333333333,162.80833333333334,77.66666666666667,568.7916666666666,23.179166666666664,5.495833333333334,33.74583333333333,27.541666666666668,1003.5416666666666,9.0,0.0
2024-05-06,117.51783951944797,42.65833333333333,133.89166666666668,75.79166666666667,571.3333333333334,24.2375,3.3208333333333333,35.6875,23.0,1002.8708333333334,7.679166666666667,0.0
2024-05-07,108.36625455604201,38.387499999999996,117.77499999999999,81.41666666666667,479.1666666666667,20.224999999999998,4.7749999999999995,36.9625,20.541666666666668,1003.1625,9.15,0.0
2024-05-08,86.33797204908664,28.641666666666666,77.49583333333334,85.83333333333333,370.4583333333333,12.979166666666666,4.229166666666667,37.57083333333333,16.708333333333332,1002.6999999999999,9.808333333333334,0.0
2024-05-09,61.105791010968055,17.037499999999998,40.641666666666666,101.875,235.33333333333334,5.854166666666667,4.316666666666666,39.391666666666666,15.916666666666666,1001.0375,15.4125,0.0
2024-05-10,52.46547150691464,13.383333333333333,26.941666666666666,96.125,213.125,5.6625000000000005,2.3125,39.05833333333333,16.791666666666668,1002.6,17.316666666666666,0.0
2024-05-11,54.98211731044349,15.1,29.170833333333334,85.91666666666667,233.95833333333334,6.7,4.508333333333334,35.175000000000004,30.333333333333332,1006.1958333333333,13.0375,0.0
2024-05-12,76.32780677349552,24.03333333333333,61.76666666666667,86.04166666666667,360.4583333333333,14.583333333333334,3.9583333333333335,35.67916666666667,23.708333333333332,1005.8249999999999,8.183333333333334,0.0
2024-05-13,87.19552159941338,29.099999999999998,70.23333333333333,90.0,439.8333333333333,16.675,5.566666666666666,35.99583333333333,22.708333333333332,1006.2958333333332,8.883333333333333,0.0
2024-05-14,72.03004291845494,22.099999999999998,45.958333333333336,95.91666666666667,316.5,10.533333333333333,5.0125,37.045833333333334,18.916666666666668,1006.7624999999999,9.558333333333334,0.0
2024-05-15,66.48132749165475,19.658333333333335,48.87916666666666,89.79166666666667,292.0833333333333,9.924999999999999,3.9875000000000003,38.28333333333333,16.875,1006.25,12.279166666666667,0.0
2024-05-16,58.52114628040058,16.395833333333332,45.354166666666664,90.25,278.2083333333333,9.529166666666667,3.8208333333333333,38.708333333333336,14.875,1006.0833333333334,14.6625,0.0
2024-05-17,63.269998807820706,17.958333333333332,55.37916666666666,93.125,277.5416666666667,9.225,5.066666666666666,39.49583333333333,13.458333333333334,1003.7166666666667,14.120833333333332,0.0
2024-05-18,83.2275419588267,28.2,104.10833333333333,98.95833333333333,240.625,6.941666666666666,4.5375000000000005,39.09583333333333,16.708333333333332,1001.8208333333333,13.933333333333332,0.0
2024-05-19,99.85187921007038,34.458333333333336,97.77499999999999,87.66666666666667,336.7916666666667,13.820833333333333,2.2875,38.53333333333333,18.208333333333332,1000.1875,12.266666666666666,0.0
2024-05-20,78.22201943192357,24.7625,80.55833333333334,80.83333333333333,353.7916666666667,14.158333333333333,3.3375,36.72083333333333,25.958333333333332,999.5875,9.583333333333334,0.0
2024-05-21,103.61579900297447,36.300000000000004,109.80416666666667,82.0,440.125,19.4875,3.279166666666667,38.824999999999996,15.458333333333334,1000.1666666666666,9.616666666666667,0.0
2024-05-22,104.42409022940166,36.579166666666666,110.46666666666665,79.66666666666667,516.25,22.84166666666667,3.5375,39.012499999999996,14.333333333333334,999.3458333333333,6.166666666666667,0.0
2024-05-23,100.70933170861461,34.775,92.27499999999999,78.20833333333333,511.875,23.791666666666668,4.058333333333334,39.72083333333333,15.291666666666666,997.7083333333334,8.708333333333334,0.0
2024-05-24,101.0536354878829,34.916666666666664,91.57083333333333,76.41666666666667,504.7083333333333,21.645833333333332,4.1625000000000005,40.324999999999996,15.708333333333334,996.9250000000001,8.25,0.0
2024-05-25,100.48333495086304,34.97083333333333,76.82083333333334,93.125,514.3333333333334,20.325,5.125,40.329166666666666,16.083333333333332,997.8458333333333,8.595833333333333,0.0
2024-05-26,96.87732564826996,33.40416666666667,91.1875,94.83333333333333,438.0,16.095833333333335,4.679166666666666,41.59166666666667,13.666666666666666,997.2416666666667,10.25,0.0
2024-05-27,83.31802970503448,27.116666666666664,78.02916666666667,94.75,340.9166666666667,13.700000000000001,2.245833333333333,42.329166666666666,9.041666666666666,995.5749999999999,17.708333333333332,0.0
2024-05-28,70.31025470401603,21.679166666666664,69.50833333333334,96.75,316.5416666666667,12.5375,1.8291666666666666,42.295833333333334,7.458333333333333,993.5208333333334,14.804166666666667,0.0
2024-05-29,61.006715444173665,18.195833333333333,47.5625,94.66666666666667,361.0416666666667,15.720833333333333,1.7791666666666668,41.15416666666667,5.416666666666667,993.5791666666668,13.1625,0.0
2024-05-30,74.83661452230155,23.620833333333334,69.72083333333333,97.875,456.125,19.087500000000002,2.370833333333333,39.625,7.041666666666667,996.3874999999999,9.991666666666667,0.0
2024-05-31,75.84421196948021,23.9375,74.44166666666666,93.54166666666667,293.875,10.841666666666667,4.05,38.77916666666667,28.583333333333332,997.6791666666667,11.975,0.0
2024-06-01,84.32302158144083,27.5625,94.4875,73.83333333333333,283.5416666666667,12.070833333333333,5.804166666666667,37.0375,38.458333333333336,998.625,12.65,0.0
2024-06-02,101.35651343268562,35.50416666666667,124.85000000000001,79.08333333333333,224.79166666666666,7.729166666666667,4.820833333333334,38.375,33.875,1000.3125,11.558333333333332,0.0
2024-06-03,78.57564377682404,25.212500000000002,76.20833333333333,97.0,210.20833333333334,5.870833333333334,5.0249999999999995,38.5875,26.833333333333332,1000.2833333333333,14.441666666666668,0.0
2024-06-04,90.69330738096778,30.733333333333334,115.22083333333335,78.5,158.66666666666666,4.0375000000000005,4.066666666666666,36.987500000000004,39.291666666666664,999.0041666666666,18.258333333333333,0.0
2024-06-05,108.37125557023181,38.43333333333333,143.92499999999998,67.0,204.125,7.425,4.145833333333333,36.166666666666664,44.666666666666664,999.0583333333334,14.875,0.012499999999999999
2024-06-06,88.62963601987046,29.583333333333332,92.36666666666667,62.916666666666664,223.91666666666666,9.5875,4.095833333333333,35.86666666666667,45.833333333333336,1001.9875000000001,13.291666666666666,0.004166666666666667
2024-06-07,115.53708186857033,41.420833333333334,118.23333333333333,67.95833333333333,347.625,16.904166666666665,4.383333333333334,35.550000000000004,40.958333333333336,1001.525,6.866666666666667,0.008333333333333333
2024-06-08,118.11470352477697,42.420833333333334,146.4125,74.125,315.125,14.1,4.916666666666667,32.895833333333336,45.458333333333336,1000.9499999999999,9.283333333333333,0.125
2024-06-09,116.37525431161531,41.625,140.62083333333334,74.5,453.25,23.458333333333332,4.366666666666666,34.75,39.083333333333336,1000.6791666666667,6.0249999999999995,0.0
2024-06-10,94.00447336827199,32.1,105.31666666666666,83.54166666666667,393.2083333333333,16.458333333333332,4.058333333333334,35.979166666666664,28.625,1000.5208333333334,8.495833333333334,0.0
2024-06-11,91.88039805608874,30.933333333333334,88.91666666666667,73.0,413.7916666666667,18.766666666666666,3.9583333333333335,36.75416666666667,28.25,999.5749999999999,9.433333333333334,0.0
2024-06-12,88.00282079208633,29.204166666666666,83.77916666666667,78.875,247.125,9.450000000000001,3.5999999999999996,36.670833333333334,37.708333333333336,999.25,13.366666666666667,0.0
2024-06-13,88.12677029640334,29.354166666666668,89.325,75.58333333333333,211.375,7.420833333333333,3.220833333333333,36.204166666666666,43.875,998.4541666666668,14.729166666666666,0.0
2024-06-14,87.23302582296317,28.929166666666664,86.51666666666667,77.5,196.79166666666666,6.7875000000000005,3.5583333333333336,35.833333333333336,46.916666666666664,997.5375,14.216666666666667,0.0
2024-06-15,88.02471405669262,29.21666666666667,86.89583333333333,70.91666666666667,261.4166666666667,11.741666666666667,4.604166666666667,35.666666666666664,47.375,998.3083333333334,13.170833333333334,0.0
2024-06-16,78.35082422124931,25.075,68.5,77.70833333333333,240.875,9.558333333333334,3.6,37.266666666666666,41.041666666666664,998.6374999999999,13.433333333333332,0.0
2024-06-17,71.34656652360515,21.775000000000002,55.77916666666667,90.375,198.66666666666666,5.570833333333333,3.9791666666666665,37.25833333333333,41.5,998.6916666666666,15.479166666666666,0.0
2024-06-18,89.46766468249689,30.329166666666666,104.48333333333333,80.29166666666667,173.08333333333334,4.195833333333334,4.125,37.079166666666666,43.75,996.5291666666667,16.8625,0.0
2024-06-19,104.08220825155821,36.53333333333333,152.9,76.875,194.125,6.220833333333334,3.783333333333333,36.86666666666667,43.541666666666664,992.6999999999999,13.770833333333334,0.0
2024-06-20,100.62870773754322,34.770833333333336,118.17916666666667,82.70833333333333,190.20833333333334,6.658333333333334,5.8125,36.725,46.958333333333336,991.8833333333333,16.879166666666666,0.0
2024-06-21,116.51789961954928,41.829166666666666,179.95833333333334,75.125,174.70833333333334,5.9125000000000005,4.858333333333333,32.92916666666667,56.875,996.9833333333332,12.637500000000001,0.024999999999999998
2024-06-22,154.00979100807868,61.32916666666667,202.9,100.25,258.4583333333333,7.375,6.220833333333334,34.666666666666664,47.666666666666664,998.2083333333334,6.7124999999999995,0.0
2024-06-23,135.36692330638087,49.53333333333333,137.30833333333334,94.70833333333333,316.7083333333333,11.4625,6.054166666666667,36.65833333333333,37.375,997.9541666666668,5.508333333333333,0.0
2024-06-24,116.72129873257562,41.84583333333333,110.06666666666666,95.66666666666667,380.625,15.608333333333334,5.95,37.78333333333333,30.125,996.1541666666667,6.979166666666667,0.0
2024-06-25,103.20815810094824,36.21666666666667,78.71249999999999,102.625,374.4166666666667,14.179166666666667,6.104166666666667,38.09166666666667,30.166666666666668,993.9208333333332,8.095833333333333,0.0
2024-06-26,117.55968444580476,42.454166666666666,120.675,98.04166666666667,265.25,8.733333333333333,4.666666666666667,38.15416666666667,40.833333333333336,994.1291666666666,8.275,0.0
2024-06-27,118.97101375493781,43.012499999999996,115.96249999999999,102.08333333333333,252.875,6.295833333333333,3.358333333333333,38.479166666666664,38.916666666666664,995.3666666666667,11.341666666666667,0.0
2024-06-28,72.31920600858369,22.2375,38.4375,102.125,242.125,4.641666666666667,3.091666666666667,36.0625,51.75,996.7458333333334,8.791666666666666,0.0
2024-06-29,76.78555959338898,24.295833333333334,41.2875,90.79166666666667,219.625,5.704166666666667,3.1374999999999997,36.395833333333336,50.083333333333336,995.725,11.549999999999999,0.0
2024-06-30,62.671673819742495,17.650000000000002,36.9125,80.83333333333333,181.54166666666666,4.041666666666667,2.9499999999999997,37.420833333333334,46.416666666666664,994.8208333333333,12.475,0.0
2024-07-01,66.97407010014307,19.695833333333333,38.69583333333333,89.625,185.08333333333334,3.7708333333333335,4.079166666666667,37.525,46.0,992.0791666666668,16.7375,0.0
2024-07-02,80.81029701439961,26.212500000000002,69.39999999999999,88.58333333333333,175.66666666666666,3.845833333333333,4.658333333333333,37.75833333333333,45.541666666666664,990.3541666666666,16.616666666666667,0.0
2024-07-03,93.8673670570305,32.0875,98.86666666666667,85.79166666666667,178.25,4.420833333333333,6.641666666666667,37.50416666666667,48.583333333333336,992.1916666666666,16.533333333333335,0.0
2024-07-04,79.70600858369099,25.75,77.91666666666667,75.25,165.125,4.875,6.541666666666667,37.199999999999996,49.75,994.5625,17.841666666666665,0.0
2024-07-05,103.22699243714999,36.229166666666664,111.3,81.45833333333333,166.83333333333334,4.466666666666667,7.629166666666666,37.02916666666667,47.25,992.7708333333334,18.141666666666666,0.0
2024-07-06,123.36497070883043,44.583333333333336,161.57083333333333,86.58333333333333,152.04166666666666,3.9625,6.245833333333334,36.69583333333333,49.583333333333336,989.6708333333332,19.416666666666668,0.0
2024-07-07,108.66310291597067,39.1,132.61666666666667,81.41666666666667,160.58333333333334,4.325,5.05,35.30416666666667,56.083333333333336,994.2708333333334,14.387500000000001,0.025000000000000005
2024-07-08,146.38172995289054,55.88333333333333,146.80416666666667,102.91666666666667,234.5,6.366666666666667,4.075,34.237500000000004,59.416666666666664,998.6458333333334,12.120833333333335,0.5916666666666667
2024-07-09,127.31186182051812,46.39166666666667,147.9,68.875,240.58333333333334,11.600000000000001,1.7,37.44166666666667,45.833333333333336,999.1999999999999,7.7375,0.0
2024-07-10,93.11643248430995,31.820833333333336,82.22916666666667,91.16666666666667,198.29166666666666,4.554166666666666,3.0666666666666664,37.92916666666667,42.583333333333336,999.3583333333332,9.758333333333333,0.0
2024-07-11,110.33281572382657,39.275,111.375,82.75,179.29166666666666,4.0375000000000005,5.4375,37.800000000000004,46.583333333333336,996.0083333333333,18.425,0.0
2024-07-12,135.84829155436472,51.47083333333333,200.42083333333332,65.70833333333333,150.25,4.233333333333333,3.279166666666667,36.75,49.5,991.6208333333334,15.958333333333334,0.0
2024-07-13,103.19918710145866,36.045833333333334,137.1625,63.291666666666664,156.91666666666666,4.754166666666666,2.4583333333333335,35.40416666666667,53.291666666666664,993.6166666666667,11.254166666666668,0.0
2024-07-14,116.33814907872697,41.729166666666664,148.525,63.791666666666664,179.08333333333334,6.120833333333334,3.516666666666667,36.829166666666666,48.833333333333336,993.8166666666666,8.970833333333333,0.024999999999999998
2024-07-15,115.08389469530478,41.90416666666667,138.5625,77.54166666666667,270.0416666666667,12.058333333333332,4.691666666666666,36.291666666666664,51.375,997.1416666666668,9.012500000000001,0.03333333333333333
2024-07-16,145.68987389529312,55.112500000000004,125.56666666666666,97.20833333333333,424.375,18.8875,6.1625000000000005,38.09166666666667,40.416666666666664,997.225,9.441666666666666,0.0
2024-07-17,128.89974236298906,47.46666666666667,115.42083333333333,108.04166666666667,291.5833333333333,6.441666666666666,4.804166666666666,38.55416666666667,40.75,996.3249999999999,12.241666666666667,0.0
2024-07-18,86.38135599312729,28.641666666666666,57.57916666666667,83.25,253.70833333333334,7.05,2.620833333333333,38.50416666666667,44.916666666666664,994.9958333333334,12.200000000000001,0.0
2024-07-19,85.9284647486359,28.6875,67.09583333333333,84.08333333333333,236.45833333333334,8.0,1.75,36.625,50.708333333333336,994.4499999999999,9.3375,0.041666666666666664
2024-07-20,91.23748211731045,31.233333333333334,85.94583333333333,89.58333333333333,263.625,9.820833333333333,2.9,34.86666666666667,60.458333333333336,995.8541666666666,7.945833333333333,0.11666666666666668
2024-07-21,89.7680678068454,30.366666666666664,79.75833333333334,88.41666666666667,294.75,10.7875,2.7583333333333333,35.69166666666667,56.5,996.0500000000001,5.258333333333334,0.0
2024-07-22,89.12623471434426,30.104166666666668,65.3625,84.91666666666667,282.25,9.433333333333334,3.2416666666666667,36.80416666666667,53.5,995.2958333333332,9.241666666666667,0.004166666666666667
2024-07-23,86.27789699570816,28.875,60.09166666666667,94.83333333333333,215.875,4.908333333333333,4.95,36.045833333333334,55.875,994.3666666666667,14.762500000000001,0.0
2024-07-24,87.40443364893135,29.3125,84.22500000000001,78.29166666666667,188.33333333333334,5.125,4.341666666666667,36.1,53.875,991.6041666666666,12.633333333333333,0.0
2024-07-25,98.28962049158525,33.93333333333333,102.25416666666666,74.83333333333333,223.75,7.520833333333333,5.425,35.3125,54.25,990.9541666666668,13.070833333333333,0.0
2024-07-26,106.54587583841958,37.5625,106.57083333333333,78.20833333333333,206.375,6.3500000000000005,4.904166666666667,36.525,54.458333333333336,992.1666666666666,14.079166666666666,0.0
2024-07-27,111.34443587752783,39.67916666666667,119.29166666666667,82.54166666666667,195.66666666666666,5.679166666666667,6.854166666666667,36.78333333333333,53.166666666666664,993.5124999999999,16.520833333333332,0.0
2024-07-28,94.9907513245771,32.75833333333333,86.09583333333335,72.33333333333333,219.79166666666666,8.133333333333333,6.445833333333333,36.416666666666664,51.291666666666664,994.6416666666668,13.512500000000001,0.0
2024-07-29,101.73909066074292,35.574999999999996,90.02916666666665,77.70833333333333,218.70833333333334,7.420833333333333,3.5666666666666664,36.670833333333334,51.666666666666664,994.0916666666667,8.487499999999999,0.0
2024-07-30,112.22341500061107,39.791666666666664,80.10416666666667,86.5,279.6666666666667,9.970833333333333,3.8249999999999997,32.608333333333334,73.625,996.9791666666666,8.429166666666667,1.1333333333333335
2024-07-31,90.29931129179518,30.683333333333334,53.104166666666664,99.79166666666667,223.95833333333334,4.595833333333333,4.420833333333333,33.9625,67.125,997.5333333333333,10.258333333333333,0.0
2024-08-01,101.26352794012983,35.166666666666664,96.24166666666667,79.375,193.375,4.354166666666667,5.220833333333333,33.541666666666664,67.29166666666667,994.1208333333334,17.229166666666668,0.0
2024-08-02,104.0221358940626,36.67916666666667,106.72500000000001,59.75,194.29166666666666,6.783333333333334,2.720833333333333,31.108333333333334,74.58333333333333,995.1583333333333,10.479166666666666,0.004166666666666667
2024-08-03,98.28173862876615,34.19583333333333,53.67083333333333,77.20833333333333,307.875,11.5875,6.7749999999999995,28.491666666666664,89.375,996.5208333333334,8.829166666666667,2.6625
2024-08-04,57.14377682403434,16.716666666666665,26.0125,80.75,229.875,6.520833333333333,3.4166666666666665,28.870833333333334,83.79166666666667,996.9666666666667,15.458333333333334,2.4375
2024-08-05,96.96292262456775,33.6,68.37916666666666,66.58333333333333,227.375,8.341666666666667,2.1750000000000003,30.7625,74.66666666666667,1000.1083333333332,8.491666666666667,0.012500000000000002
2024-08-06,92.43453857269179,31.525000000000002,78.67916666666666,66.83333333333333,257.2916666666667,8.833333333333334,4.7749999999999995,29.304166666666664,79.5,998.6125000000001,11.3375,0.09999999999999999
2024-08-07,83.6461707680031,27.566666666666666,69.64999999999999,57.208333333333336,186.5,7.316666666666666,8.424999999999999,30.941666666666666,74.20833333333333,997.6625,10.979166666666666,0.0
2024-08-08,84.93770713366547,28.141666666666666,71.79583333333333,55.75,189.04166666666666,7.070833333333333,3.4291666666666667,31.599999999999998,73.20833333333333,999.475,10.112499999999999,0.004166666666666667
2024-08-09,84.51598209214887,28.020833333333332,64.08333333333333,58.125,224.54166666666666,9.133333333333335,4.691666666666666,32.34583333333333,70.79166666666667,1001.0291666666667,9.112499999999999,0.0
2024-08-10,91.05517753287181,31.083333333333332,88.89583333333333,57.833333333333336,203.75,7.5249999999999995,6.204166666666667,33.125,67.33333333333333,999.5958333333333,10.883333333333333,0.0
2024-08-11,105.94801978418559,37.516666666666666,122.80416666666667,57.541666666666664,190.29166666666666,6.991666666666667,5.216666666666667,32.925000000000004,68.20833333333333,997.0,12.891666666666666,0.0
2024-08-12,81.44285087813891,26.224999999999998,78.80833333333332,49.166666666666664,263.75,13.283333333333333,3.6791666666666667,32.387499999999996,65.20833333333333,999.525,10.658333333333333,0.016666666666666666
2024-08-13,102.7637004766321,36.016666666666666,91.73333333333333,62.0,437.3333333333333,19.691666666666666,3.466666666666667,33.625,62.291666666666664,1001.4458333333333,7.695833333333333,0.0
2024-08-14,96.585121602289,33.24166666666667,80.66250000000001,61.291666666666664,324.4166666666667,13.862499999999999,4.4125000000000005,34.34166666666667,57.708333333333336,1001.375,8.808333333333334,0.004166666666666667
2024-08-15,87.27683571649378,29.320833333333336,82.6125,57.416666666666664,245.20833333333334,9.883333333333333,5.8125,34.31666666666667,57.083333333333336,999.6666666666666,10.708333333333334,0.0
2024-08-16,87.75896201321342,29.545833333333334,87.28750000000001,55.666666666666664,189.625,6.404166666666666,3.8791666666666664,31.55,70.58333333333333,999.1374999999999,10.220833333333333,0.3666666666666667
2024-08-17,79.15000970517825,25.333333333333332,38.270833333333336,72.66666666666667,289.375,10.6875,4.991666666666666,27.054166666666664,93.08333333333333,1000.8166666666666,8.941666666666666,4.666666666666667
2024-08-18,61.86236289938007,17.833333333333332,25.0625,71.625,289.6666666666667,9.1625,5.141666666666667,27.8,87.79166666666667,1002.1750000000001,13.4625,1.2833333333333334
2024-08-19,66.76376967095852,19.595833333333335,35.25416666666667,58.541666666666664,239.875,8.433333333333334,3.9875000000000003,29.491666666666664,79.20833333333333,1002.4833333333332,9.429166666666667,0.020833333333333332
2024-08-20,73.62482117310444,22.858333333333334,50.82083333333333,54.416666666666664,219.875,8.083333333333334,4.733333333333333,30.55,75.33333333333333,1001.1666666666666,8.979166666666666,0.004166666666666667
2024-08-21,77.48032904148785,24.691666666666666,53.26666666666667,50.666666666666664,246.125,10.433333333333334,4.258333333333334,30.912499999999998,76.20833333333333,1002.4708333333333,6.7,0.012500000000000002
2024-08-22,90.96100315598018,30.825,60.78333333333333,66.04166666666667,339.5833333333333,14.420833333333334,3.283333333333333,30.662499999999998,81.41666666666667,1002.2708333333334,5.441666666666666,0.13749999999999998
2024-08-23,92.10741924932245,31.454166666666666,84.04583333333333,61.375,322.875,14.487499999999999,3.7375000000000003,31.59166666666667,78.20833333333333,1002.1,5.020833333333333,0.075
2024-08-24,85.91352865903194,28.599999999999998,74.95,73.83333333333333,269.375,11.116666666666667,3.3249999999999997,31.47083333333333,77.33333333333333,1002.2916666666666,4.591666666666667,0.225
2024-08-25,104.80162705516136,36.829166666666666,77.125,90.33333333333333,411.5,13.908333333333333,5.0249999999999995,32.416666666666664,70.25,1000.3416666666667,5.1375,0.0
2024-08-26,97.80299386776515,33.65,59.67916666666667,98.83333333333333,393.125,13.1875,7.4125000000000005,32.9,64.5,998.9333333333334,12.4,0.05416666666666667
2024-08-27,74.87786123032905,23.454166666666666,37.416666666666664,105.16666666666667,278.0416666666667,5.7250000000000005,8.549999999999999,29.858333333333334,72.83333333333333,999.6291666666666,22.229166666666668,0.0375
2024-08-28,60.35976990939437,16.833333333333332,24.704166666666666,93.54166666666667,289.3333333333333,5.983333333333333,8.033333333333333,27.97083333333333,81.70833333333333,1000.8791666666666,20.099999999999998,0.7083333333333334
2024-08-29,59.78880543633763,16.279166666666665,24.2625,94.58333333333333,264.2083333333333,6.1499999999999995,7.529166666666666,29.704166666666666,74.54166666666667,999.7916666666666,15.9625,0.7083333333333334
2024-08-30,67.91073557463044,20.441666666666666,53.96666666666667,73.25,218.0,5.804166666666667,4.7250000000000005,28.425,79.95833333333333,1002.7791666666667,14.295833333333334,1.2458333333333333
2024-08-31,77.7889456222457,24.770833333333332,55.762499999999996,72.70833333333333,284.875,10.183333333333334,4.254166666666666,28.820833333333336,76.625,1005.9291666666667,7.554166666666667,0.07916666666666668
2024-09-01,94.45262704797234,32.487500000000004,77.0125,75.54166666666667,357.9583333333333,12.758333333333333,3.1833333333333336,29.9375,72.5,1004.6166666666667,8.512500000000001,0.0
2024-09-02,75.72782546494993,23.858333333333334,69.85833333333333,67.125,254.75,9.0625,5.658333333333334,30.525000000000002,68.5,1003.4541666666668,7.354166666666667,0.0
2024-09-03,80.31062231759657,26.037499999999998,71.38333333333334,83.20833333333333,259.875,8.295833333333333,6.358333333333333,30.21666666666667,72.20833333333333,1004.0749999999999,6.870833333333334,0.041666666666666664
2024-09-04,105.68830025345882,37.37916666666667,61.895833333333336,93.375,397.125,13.429166666666667,7.429166666666667,29.55,77.08333333333333,1003.3166666666666,5.0874999999999995,0.2708333333333333
2024-09-05,100.87399353707019,35.170833333333334,70.32083333333334,78.16666666666667,347.875,10.6625,5.8,31.1875,72.41666666666667,999.9166666666666,7.270833333333333,0.0
2024-09-06,83.17980819692167,27.383333333333336,76.93333333333334,59.291666666666664,265.125,10.450000000000001,4.820833333333334,31.491666666666664,72.79166666666667,1000.9333333333334,7.4375,0.0
2024-09-07,79.47818311874106,25.641666666666666,73.42916666666666,61.791666666666664,251.83333333333334,8.991666666666665,3.6875,31.816666666666666,69.75,1002.7583333333333,7.2,0.0
2024-09-08,81.19563662374821,26.458333333333332,65.80833333333334,73.58333333333333,271.0833333333333,8.4125,5.241666666666666,32.43333333333333,64.0,1003.2333333333332,8.241666666666665,0.0
2024-09-09,80.50537019863265,26.03333333333333,68.74166666666666,69.66666666666667,251.04166666666666,8.862499999999999,6.691666666666666,32.266666666666666,62.291666666666664,1000.7333333333332,7.716666666666666,0.0
2024-09-10,93.35629893055777,31.787499999999998,89.65833333333335,67.66666666666667,320.0416666666667,12.454166666666666,5.116666666666666,31.708333333333332,61.875,999.7958333333332,7.583333333333333,0.0
2024-09-11,98.4197022307532,34.108333333333334,78.16250000000001,82.41666666666667,399.125,13.295833333333334,5.804166666666667,32.666666666666664,59.666666666666664,1000.625,5.166666666666667,0.0
2024-09-12,109.12143963738579,38.62916666666667,87.46249999999999,81.95833333333333,388.5833333333333,11.791666666666666,5.9125000000000005,33.09583333333333,55.791666666666664,999.65,9.950000000000001,0.0
2024-09-13,99.8376593266763,34.86666666666667,89.77083333333333,72.79166666666667,201.875,5.695833333333333,5.245833333333334,31.03333333333333,61.291666666666664,998.8333333333334,12.2125,0.0
2024-09-14,78.15962502066843,24.724999999999998,62.52916666666667,65.91666666666667,247.75,9.408333333333333,4.654166666666667,30.229166666666668,63.041666666666664,999.1,9.129166666666666,0.0
2024-09-15,88.69986164126983,29.916666666666668,90.30416666666667,58.291666666666664,368.0833333333333,15.9,4.354166666666667,30.754166666666666,60.666666666666664,1001.8375,9.479166666666666,0.0
2024-09-16,92.59038739061941,31.204166666666666,79.54166666666667,57.333333333333336,395.1666666666667,16.245833333333334,4.729166666666667,31.704166666666666,59.541666666666664,1003.6416666666668,8.366666666666667,0.0
2024-09-17,86.69112920610657,28.650000000000002,68.27916666666667,59.875,354.875,14.616666666666667,5.116666666666666,31.633333333333336,58.791666666666664,1004.9625,9.200000000000001,0.0
2024-09-18,93.41715282420688,31.429166666666664,70.48333333333333,65.83333333333333,441.9583333333333,17.966666666666665,5.466666666666666,31.933333333333334,55.916666666666664,1004.1750000000001,6.104166666666667,0.0
2024-09-19,126.71379929025501,46.80416666666667,92.55833333333334,81.66666666666667,685.0833333333334,25.429166666666664,7.170833333333333,32.37916666666667,52.208333333333336,1004.7624999999999,6.9875,0.0
2024-09-20,135.14882693416158,51.895833333333336,98.80416666666667,87.33333333333333,630.125,21.933333333333334,6.691666666666666,32.525,52.708333333333336,1003.975,5.008333333333334,0.0
2024-09-21,130.12605539505,49.85,87.89999999999999,79.58333333333333,673.75,25.145833333333332,6.9875,32.920833333333334,55.5,1004.1416666666668,6.1375,0.0
2024-09-22,118.62460939053246,42.574999999999996,71.05,92.625,565.5,17.662499999999998,6.8625,33.420833333333334,56.208333333333336,1004.1625,5.079166666666667,0.0
2024-09-23,100.09936934313914,34.5875,56.69166666666666,74.33333333333333,510.9166666666667,16.495833333333334,4.9875,33.525,56.833333333333336,1004.1041666666666,6.05,0.0
2024-09-24,78.73338078087146,25.258333333333336,43.09583333333333,79.45833333333333,359.4583333333333,10.004166666666666,4.445833333333334,33.420833333333334,54.625,1002.5916666666667,9.041666666666666,0.0
2024-09-25,76.63669653704862,24.1375,46.28333333333333,77.20833333333333,339.9583333333333,11.229166666666666,5.391666666666667,32.74583333333333,56.833333333333336,1002.0708333333333,6.795833333333333,0.0
2024-09-26,95.4601153867024,32.6625,55.979166666666664,76.5,504.9166666666667,18.754166666666666,5.633333333333333,33.07083333333333,54.75,1001.2041666666668,5.3999999999999995,0.0
2024-09-27,115.53402158985705,41.49583333333333,68.4875,73.125,676.5416666666666,26.53333333333333,5.3625,33.6,55.708333333333336,1000.4916666666667,6.191666666666666,0.0
2024-09-28,117.67714218941778,42.24166666666667,77.74166666666666,88.08333333333333,524.25,14.270833333333334,8.433333333333334,33.52916666666667,52.916666666666664,1002.4875000000001,7.0125,0.0
2024-09-29,100.13890159971926,34.516666666666666,70.49583333333334,67.70833333333333,440.7083333333333,15.395833333333334,5.391666666666667,33.079166666666666,55.166666666666664,1006.3208333333333,8.200000000000001,0.0
2024-09-30,102.53689944716429,35.775,69.73333333333333,84.125,424.7916666666667,13.083333333333334,5.554166666666667,33.15416666666667,55.708333333333336,1007.5375,5.729166666666667,0.0
2024-10-01,93.7144619736738,31.695833333333336,63.40416666666667,68.125,353.8333333333333,11.816666666666668,6.7,32.675000000000004,54.5,1005.2916666666666,8.066666666666666,0.0
2024-10-02,93.76353984102748,31.808333333333334,67.83333333333333,69.08333333333333,403.4583333333333,13.979166666666666,6.495833333333334,32.57083333333333,52.541666666666664,1004.4166666666666,8.2125,0.0
2024-10-03,85.73865392772159,28.083333333333332,59.612500000000004,59.916666666666664,414.125,15.879166666666668,5.804166666666667,32.266666666666666,54.25,1002.5333333333333,7.970833333333334,0.0
2024-10-04,70.1308800200334,21.095833333333335,42.11666666666667,57.416666666666664,346.3333333333333,13.1,4.7250000000000005,31.52916666666667,59.791666666666664,1002.2583333333333,8.575000000000001,0.0
2024-10-05,66.12906089819627,19.224999999999998,39.92916666666667,58.833333333333336,318.8333333333333,12.554166666666667,4.3125,30.462500000000002,62.875,1004.8916666666668,8.895833333333334,0.0
2024-10-06,68.61931677941448,20.462500000000002,45.05833333333334,63.041666666666664,307.25,11.549999999999999,5.683333333333334,31.129166666666666,60.291666666666664,1009.3291666666668,8.570833333333333,0.0
2024-10-07,95.9540145290113,32.6875,58.987500000000004,70.08333333333333,493.7916666666667,18.541666666666668,5.270833333333333,30.495833333333334,60.041666666666664,1011.9958333333334,5.6000000000000005,0.0
2024-10-08,86.90448846521593,28.741666666666664,59.42916666666667,71.66666666666667,434.7083333333333,15.887500000000001,3.783333333333333,30.058333333333334,59.0,1011.5166666666668,4.8,0.012499999999999999
2024-10-09,101.31328764710535,35.270833333333336,63.708333333333336,71.5,538.0833333333334,18.95,6.25,29.400000000000002,58.333333333333336,1009.9583333333334,5.308333333333334,0.0
2024-10-10,103.70555477674496,36.32083333333333,69.30833333333334,77.08333333333333,434.625,13.129166666666668,6.3875,29.129166666666666,52.625,1008.8916666666668,7.066666666666666,0.0
2024-10-11,103.44234764667401,36.03333333333333,67.09583333333333,72.04166666666667,524.5833333333334,17.570833333333333,6.316666666666666,29.25,47.75,1008.9,5.866666666666667,0.0
2024-10-12,96.88143237647465,33.07083333333333,58.31666666666666,69.625,557.7083333333334,20.4875,6.7375,28.96666666666667,44.5,1008.6541666666667,5.55,0.0
2024-10-13,107.03426377236684,37.387499999999996,60.6,67.875,698.0,24.541666666666668,5.6125,28.933333333333334,42.25,1009.0500000000001,6.191666666666666,0.0
2024-10-14,118.3059584298539,42.975,68.925,71.875,816.4583333333334,28.099999999999998,5.3999999999999995,28.808333333333334,43.375,1010.2666666666668,6.920833333333333,0.0
2024-10-15,114.19805113956625,40.65416666666667,65.83333333333333,79.25,654.5416666666666,19.854166666666668,4.179166666666666,29.337500000000002,49.75,1010.4291666666667,5.7875000000000005,0.0
2024-10-16,133.56107982037358,50.47083333333333,82.13333333333334,68.58333333333333,653.9166666666666,20.529166666666665,6.6875,29.041666666666668,53.791666666666664,1008.0875,7.4750000000000005,0.0
2024-10-17,136.84932970599124,54.43333333333334,86.52916666666665,65.79166666666667,755.1666666666666,26.870833333333334,7.6125,29.245833333333334,48.5,1007.5875,6.429166666666667,0.0
2024-10-18,144.02909929222687,62.487500000000004,103.64166666666667,71.75,911.6666666666666,32.170833333333334,7.804166666666667,29.833333333333332,44.708333333333336,1008.4125,5.6499999999999995,0.0
2024-10-19,137.45238568265498,54.86666666666667,91.42916666666667,76.25,767.6666666666666,24.229166666666668,6.083333333333333,29.6875,45.625,1009.375,6.916666666666667,0.0
2024-10-20,135.0128894372746,52.699999999999996,88.75,71.20833333333333,792.9583333333334,27.354166666666668,6.241666666666667,29.441666666666666,41.541666666666664,1009.4125,8.304166666666667,0.0
2024-10-21,128.42061784138943,46.82083333333333,81.675,78.625,627.25,18.712500000000002,8.145833333333334,29.09166666666667,41.333333333333336,1010.2083333333334,6.5249999999999995,0.0
2024-10-22,138.8086608777019,53.62916666666666,90.33333333333333,75.375,720.625,21.354166666666668,7.504166666666666,29.8875,43.875,1011.1875,8.408333333333333,0.0
2024-10-23,142.97514199907158,59.00416666666666,98.6125,68.33333333333333,850.375,28.6125,8.016666666666667,29.420833333333334,37.166666666666664,1012.1708333333332,7.520833333333333,0.0
2024-10-24,133.34970184387933,53.53333333333333,88.91666666666667,68.83333333333333,823.75,26.150000000000002,5.9125000000000005,29.52916666666667,37.916666666666664,1011.9333333333334,5.245833333333334,0.0
2024-10-25,130.55641219134773,51.30416666666667,90.72916666666667,70.375,846.4166666666666,27.2375,9.700000000000001,29.662499999999998,38.875,1010.5833333333334,6.054166666666667,0.0
2024-10-26,135.51242516401555,56.11666666666667,100.49166666666667,73.625,978.4166666666666,29.454166666666666,9.025,29.854166666666668,43.958333333333336,1009.6791666666667,4.875,0.0
2024-10-27,116.0213293317455,42.12916666666667,79.6375,72.83333333333333,801.9583333333334,22.320833333333336,5.933333333333334,30.71666666666667,39.375,1007.6833333333334,7.858333333333333,0.0
2024-10-28,127.85751025880484,49.475,94.77499999999999,61.25,874.1666666666666,30.6875,5.083333333333333,30.34583333333333,35.375,1005.6750000000001,6.95,0.0
2024-10-29,135.203836473856,53.42083333333333,102.18333333333334,64.95833333333333,880.5833333333334,31.558333333333334,5.3999999999999995,30.0,39.875,1006.4958333333334,4.745833333333334,0.0
2024-10-30,139.72299095443148,54.78333333333333,103.95833333333333,61.75,859.0416666666666,25.170833333333334,7.604166666666667,29.325,43.833333333333336,1008.7666666666668,6.616666666666667,0.0
2024-10-31,159.19212434670717,72.71249999999999,129.75416666666666,94.5,698.6666666666666,13.725,10.929166666666667,29.304166666666664,50.875,1011.8666666666667,8.516666666666667,0.0
2024-11-01,154.57220352729578,75.04583333333333,140.48749999999998,67.875,1077.2083333333333,26.241666666666664,10.895833333333334,29.195833333333336,47.166666666666664,1011.7458333333334,5.516666666666667,0.0
2024-11-02,124.37838680722543,48.05416666666667,88.73333333333333,64.66666666666667,826.6666666666666,23.520833333333332,7.945833333333333,28.7,42.875,1011.2166666666667,4.833333333333333,0.0
2024-11-03,127.28733447383478,48.541666666666664,88.27916666666665,58.416666666666664,710.5,25.741666666666664,8.408333333333333,28.4875,44.916666666666664,1012.0833333333334,6.7875000000000005,0.0
2024-11-04,98.54543735738288,34.0375,57.5375,73.20833333333333,805.625,14.6625,7.304166666666667,29.066666666666666,42.0,1011.5166666666668,4.941666666666667,0.0
2024-11-05,94.65826253643854,33.80833333333333,55.49166666666667,74.83333333333333,619.375,15.375,8.779166666666667,28.379166666666666,43.125,1012.025,7.883333333333333,0.0
2024-11-06,145.41931346494,61.15833333333333,99.2,68.125,781.6666666666666,27.441666666666666,10.458333333333334,28.291666666666668,50.041666666666664,1013.8625000000001,6.325,0.0
2024-11-07,134.27004577145087,57.37083333333334,98.63333333333333,63.791666666666664,779.8333333333334,22.445833333333336,11.729166666666666,28.662499999999998,51.666666666666664,1012.1916666666666,7.1375,0.0
2024-11-08,98.56341145412841,34.733333333333334,63.979166666666664,59.875,828.4583333333334,18.95,6.9125000000000005,27.920833333333334,54.083333333333336,1011.9041666666667,5.870833333333334,0.0
2024-11-09,106.40146540048084,38.06666666666667,66.08749999999999,59.625,919.4583333333334,22.491666666666664,7.095833333333334,27.645833333333332,48.875,1012.5583333333334,5.020833333333333,0.0
2024-11-10,118.01567095488356,43.8125,71.72083333333333,55.75,918.5833333333334,26.429166666666664,8.370833333333334,27.3625,48.541666666666664,1012.8416666666667,6.420833333333333,0.0
2024-11-11,115.03445031098347,42.85,71.95833333333333,48.0,719.7916666666666,26.558333333333334,7.716666666666666,28.1875,46.208333333333336,1012.5749999999999,5.554166666666667,0.0
2024-11-12,117.5291648816267,46.1875,69.16666666666667,63.75,558.6666666666666,19.150000000000002,8.108333333333333,26.866666666666664,41.583333333333336,1012.625,8.983333333333333,0.0
2024-11-13,160.62119364825534,83.95416666666667,91.36666666666667,82.375,488.125,14.529166666666667,9.320833333333333,26.3625,47.125,1011.7416666666667,5.3125,0.0
2024-11-14,137.17522634090753,62.520833333333336,69.6125,73.125,785.5833333333334,20.433333333333334,9.029166666666667,26.666666666666668,45.333333333333336,1012.4,5.458333333333333,0.0
2024-11-15,140.4265068454895,58.35833333333333,62.77916666666667,75.54166666666667,740.5,18.179166666666667,8.4375,25.991666666666664,43.666666666666664,1013.1083333333332,6.391666666666667,0.0
2024-11-16,151.75259901287396,73.825,83.51666666666667,67.58333333333333,526.4166666666666,20.916666666666668,8.3125,25.3125,38.208333333333336,1012.9416666666666,6.2875000000000005,0.0
2024-11-17,155.53243915397147,67.31666666666666,73.72083333333333,76.08333333333333,594.4583333333334,12.004166666666668,11.1875,23.958333333333332,41.291666666666664,1014.0416666666666,6.370833333333334,0.0
2024-11-18,165.89190375834212,84.34166666666667,92.6375,77.5,802.1666666666666,13.299999999999999,14.841666666666667,24.1375,43.875,1015.0083333333333,4.304166666666666,0.0
2024-11-19,161.40831925698038,85.77499999999999,94.77916666666665,68.66666666666667,935.375,21.291666666666668,14.637500000000001,24.129166666666666,46.0,1015.6541666666667,3.6041666666666665,0.0
2024-11-20,150.28259300583713,72.55833333333334,79.41666666666667,69.54166666666667,746.4583333333334,21.266666666666666,13.370833333333332,24.208333333333332,43.541666666666664,1014.7291666666666,4.291666666666667,0.0
2024-11-21,132.48784348681787,55.63333333333333,59.520833333333336,69.08333333333333,988.6666666666666,22.787499999999998,7.854166666666667,24.0625,46.375,1013.875,5.733333333333333,0.0
2024-11-22,101.87426420105673,38.62083333333333,41.125,74.70833333333333,704.1666666666666,14.799999999999999,6.675,24.025000000000002,47.0,1013.1083333333332,6.916666666666667,0.0
2024-11-23,120.89792539003032,48.354166666666664,50.5875,67.375,570.7083333333334,19.016666666666666,7.5249999999999995,24.395833333333332,48.833333333333336,1013.25,5.9375,0.0
2024-11-24,143.10774215302268,66.59583333333333,70.59166666666667,68.41666666666667,800.1666666666666,20.675,10.1,23.891666666666666,53.666666666666664,1014.8666666666667,6.404166666666666,0.0
2024-11-25,167.4910504842442,94.3875,104.0,81.70833333333333,780.875,16.366666666666667,12.145833333333334,23.72083333333333,53.958333333333336,1015.6041666666666,5.425,0.0
2024-11-26,176.76149717901285,112.74166666666667,128.79999999999998,69.29166666666667,941.0416666666666,28.308333333333334,11.483333333333334,24.3875,52.541666666666664,1014.5,3.6875,0.0
2024-11-27,169.5544680758937,95.3,111.83749999999999,72.66666666666667,837.1666666666666,20.095833333333335,10.095833333333333,23.883333333333336,50.458333333333336,1013.2666666666668,4.333333333333333,0.0
2024-11-28,121.28187273260345,47.31666666666666,55.80416666666667,70.25,657.3333333333334,11.445833333333333,7.691666666666666,23.787499999999998,44.666666666666664,1014.0124999999999,5.4875,0.0
2024-11-29,105.21031843298526,37.15416666666667,41.854166666666664,67.33333333333333,573.125,11.379166666666668,6.05,23.920833333333334,45.333333333333336,1014.9458333333333,5.3374999999999995,0.0
2024-11-30,145.3939154854003,61.53333333333333,64.28750000000001,84.16666666666667,764.2916666666666,11.612499999999999,14.941666666666668,22.883333333333336,52.5,1015.4833333333332,7.791666666666667,0.012499999999999999
2024-12-01,164.7741065266621,90.25416666666666,94.56666666666666,73.04166666666667,926.1666666666666,19.604166666666668,12.887500000000001,22.587500000000002,60.375,1012.9416666666666,3.9583333333333335,0.0
2024-12-02,149.68736044994907,65.54583333333333,72.6375,81.16666666666667,669.6666666666666,12.15,11.208333333333334,22.09166666666667,63.416666666666664,1013.3333333333334,8.279166666666667,0.12083333333333335
2024-12-03,156.2994455064222,67.30833333333334,72.06666666666666,85.875,555.375,11.404166666666667,24.741666666666664,21.983333333333334,61.125,1016.35,7.783333333333334,0.0
2024-12-04,142.5453413528945,63.37083333333334,69.58749999999999,72.45833333333333,759.4166666666666,16.483333333333334,19.266666666666666,21.441666666666666,57.791666666666664,1016.9583333333334,5.4375,0.0
2024-12-05,168.67696568801406,99.75833333333333,109.8125,61.916666666666664,1111.0,30.40833333333333,16.133333333333333,20.795833333333334,59.25,1014.9,3.3874999999999997,0.0
2024-12-06,109.86846302967837,45.17916666666667,49.92916666666667,53.208333333333336,538.4583333333334,22.795833333333334,5.391666666666667,19.916666666666668,37.541666666666664,1013.975,7.891666666666667,0.0
2024-12-07,96.82525847894958,35.458333333333336,37.670833333333334,52.583333333333336,559.2916666666666,19.866666666666667,5.8,18.412499999999998,31.625,1012.6208333333334,8.424999999999999,0.0
2024-12-08,82.09631760375555,26.6375,49.050000000000004,66.04166666666667,379.9166666666667,9.5,3.9250000000000003,17.6125,25.958333333333332,1014.2125,11.895833333333334,0.0
2024-12-09,97.37623588379115,34.86666666666667,48.57916666666667,58.375,559.0416666666666,13.891666666666666,3.220833333333333,17.433333333333334,24.791666666666668,1017.0041666666666,8.25,0.0
2024-12-10,129.02445944774425,55.4375,57.63333333333333,56.541666666666664,764.375,21.758333333333336,9.975,15.641666666666666,43.666666666666664,1018.0041666666666,4.429166666666666,0.0
2024-12-11,149.83684734229206,76.06666666666666,79.32916666666667,59.0,1024.625,25.166666666666668,10.0375,15.929166666666667,49.916666666666664,1017.6750000000001,5.129166666666666,0.0
2024-12-12,77.29787169035448,24.175,42.0375,66.45833333333333,393.875,9.429166666666667,3.845833333333333,16.087500000000002,30.666666666666668,1017.9458333333333,11.554166666666667,0.0
2024-12-13,130.61232446734638,53.61666666666667,62.18333333333334,67.54166666666667,754.5,16.05,15.875,14.845833333333333,49.166666666666664,1020.4499999999999,5.816666666666666,0.0
2024-12-14,156.7221380886457,85.35416666666667,90.67083333333333,63.291666666666664,1207.75,26.575,22.25,14.9375,49.916666666666664,1019.4083333333333,2.670833333333333,0.0
2024-12-15,148.50979807399992,76.1375,78.21249999999999,64.70833333333333,1037.4166666666667,26.462500000000002,17.066666666666666,14.741666666666667,50.083333333333336,1018.8958333333334,3.6374999999999997,0.0
2024-12-16,147.27622011207163,71.41250000000001,72.92916666666666,71.875,836.7916666666666,21.958333333333332,28.09583333333333,15.2875,48.541666666666664,1017.6083333333332,5.029166666666667,0.0
2024-12-17,152.50247704192984,77.25833333333334,87.1875,56.25,720.2916666666666,21.416666666666668,20.720833333333335,15.666666666666666,50.5,1016.7375000000001,7.4624999999999995,0.0
2024-12-18,156.65470551740086,76.42916666666666,81.47916666666667,76.41666666666667,979.25,18.425,23.395833333333332,15.941666666666668,52.833333333333336,1016.225,5.841666666666666,0.0
2024-12-19,138.1732617174659,64.07083333333334,72.19583333333334,55.541666666666664,927.875,21.8625,11.129166666666668,15.370833333333332,52.541666666666664,1015.0916666666667,5.595833333333334,0.0
2024-12-20,141.93097184582447,62.770833333333336,65.04583333333333,75.0,744.25,17.170833333333334,22.508333333333336,15.3375,48.666666666666664,1017.3125,8.179166666666667,0.0
2024-12-21,170.11319395537575,93.20416666666667,95.61666666666667,99.41666666666667,905.4583333333334,15.120833333333332,26.65416666666667,14.733333333333334,54.208333333333336,1016.5458333333332,6.279166666666666,0.0
2024-12-22,183.90515106782232,118.5125,121.77916666666665,83.66666666666667,991.125,18.091666666666665,23.320833333333336,14.525,57.208333333333336,1014.4541666666668,6.0625,0.0
2024-12-23,162.95902744315183,84.17916666666666,86.31666666666666,78.45833333333333,897.0416666666666,17.295833333333334,22.929166666666664,15.158333333333333,53.458333333333336,1015.375,7.25,0.0
2024-12-24,170.49802423603793,93.2625,94.24166666666667,101.08333333333333,913.6666666666666,11.216666666666667,24.441666666666666,15.195833333333333,54.416666666666664,1019.0500000000001,10.079166666666667,0.0
2024-12-25,180.20078152441167,112.05416666666667,114.0625,86.5,910.1666666666666,14.375,22.3625,14.754166666666668,58.125,1020.4333333333334,7.204166666666667,0.0
2024-12-26,169.58583596768528,91.49583333333334,93.97916666666667,77.54166666666667,882.5416666666666,15.987499999999999,19.829166666666666,14.595833333333333,57.583333333333336,1021.1625,7.1875,0.0
2024-12-27,140.32931209311724,66.35833333333333,68.74166666666666,63.291666666666664,967.3333333333334,19.933333333333334,11.145833333333334,14.654166666666667,51.208333333333336,1020.0291666666667,6.154166666666666,0.0
2024-12-28,154.5640818227545,85.47500000000001,88.76666666666667,59.041666666666664,1370.75,29.858333333333334,9.591666666666667,15.004166666666668,45.291666666666664,1019.7166666666667,3.3708333333333336,0.0
2024-12-29,140.38316594940463,57.45416666666667,59.416666666666664,66.0,1146.4583333333333,15.2875,8.620833333333334,14.362499999999999,49.541666666666664,1021.7041666666668,5.166666666666667,0.0
2024-12-30,170.56196699861084,93.27916666666665,94.64583333333333,72.875,1311.9583333333333,17.2625,15.25,14.583333333333334,59.208333333333336,1020.3416666666667,2.6750000000000003,0.0
2024-12-31,166.08769612022175,91.27499999999999,92.2625,76.375,1216.7083333333333,18.866666666666667,24.141666666666666,14.854166666666666,61.458333333333336,1019.9458333333333,4.958333333333333,0.0
